{"cameraMode":{"drawMode":0,"name":"Shaded","section":"Shading Mode"},"sceneLighting":true,"audioPlay":false,"sceneViewState":{"showFog":true,"showMaterialUpdate":false,"showSkybox":true,"showFlares":true,"showImageEffects":true,"showParticleSystems":true},"in2DMode":false,"pivot":{"x":5.130000114440918,"y":0.75,"z":-0.12000000476837158},"rotation":{"x":-0.008028946816921234,"y":0.9475703239440918,"z":-0.31855326890945437,"w":-0.023882940411567689},"size":1.7320507764816285,"orthographic":false}